{
"lengthUnit": "mil",
"remark": [],
"components": {
	"fields": ["COMPONENT_NO", "COMPONENT_NAME", "LAYER", "X_COORDINATE", "Y_COORDINATE", "ANGLE"],
	"rows": [
		[1, "C1", "T", -3250, 1725, 0],
		[2, "C2", "T", -3540, 1115, 90],
		[3, "H1", "T", -3320, 260, 0],
		[4, "LED1", "T", -2745, 2470, 0],
		[5, "LED2", "T", -2550, 1335, 0],
		[6, "LED3", "T", -3895, 1340, 0],
		[7, "LED4", "T", -2545, 830, 0],
		[8, "LED5", "T", -2570, 2065, 0],
		[9, "LED6", "T", -3900, 835, 0],
		[10, "LED7", "T", -3910, 2055, 0],
		[11, "LED8", "T", -3890, 330, 0],
		[12, "LED9", "T", -2555, 315, 0],
		[13, "LED10", "T", -3755, 2445, 0],
		[14, "P1", "T", -3110, 260, 0],
		[15, "R1", "T", -3310, 1110, 90],
		[16, "R2", "T", -3140, 1115, 90],
		[17, "R3", "T", -2905, 1130, 0],
		[18, "U1", "T", -3240, 2205, 90],
		[19, "U2", "T", -3240, 595, 0],
		[20, "PAD1", "T", -3289.37, 1725, 0],
		[21, "PAD1", "B", -3289.37, 1725, 0],
		[22, "PAD2", "T", -3210.63, 1725, 0],
		[23, "PAD2", "B", -3210.63, 1725, 0],
		[24, "PAD3", "T", -3540, 1015, 0],
		[25, "PAD3", "B", -3540, 1015, 0],
		[26, "PAD4", "T", -3540, 1215, 0],
		[27, "PAD4", "B", -3540, 1215, 0],
		[28, "PAD5", "T", -2795, 2470, 0],
		[29, "PAD5", "B", -2795, 2470, 0],
		[30, "PAD6", "T", -2695, 2470, 0],
		[31, "PAD6", "B", -2695, 2470, 0],
		[32, "PAD7", "T", -2600, 1335, 0],
		[33, "PAD7", "B", -2600, 1335, 0],
		[34, "PAD8", "T", -2500, 1335, 0],
		[35, "PAD8", "B", -2500, 1335, 0],
		[36, "PAD9", "T", -3945, 1340, 0],
		[37, "PAD9", "B", -3945, 1340, 0],
		[38, "PAD10", "T", -3845, 1340, 0],
		[39, "PAD10", "B", -3845, 1340, 0],
		[40, "PAD11", "T", -2595, 830, 0],
		[41, "PAD11", "B", -2595, 830, 0],
		[42, "PAD12", "T", -2495, 830, 0],
		[43, "PAD12", "B", -2495, 830, 0],
		[44, "PAD13", "T", -2620, 2065, 0],
		[45, "PAD13", "B", -2620, 2065, 0],
		[46, "PAD14", "T", -2520, 2065, 0],
		[47, "PAD14", "B", -2520, 2065, 0],
		[48, "PAD15", "T", -3950, 835, 0],
		[49, "PAD15", "B", -3950, 835, 0],
		[50, "PAD16", "T", -3850, 835, 0],
		[51, "PAD16", "B", -3850, 835, 0],
		[52, "PAD17", "T", -3960, 2055, 0],
		[53, "PAD17", "B", -3960, 2055, 0],
		[54, "PAD18", "T", -3860, 2055, 0],
		[55, "PAD18", "B", -3860, 2055, 0],
		[56, "PAD19", "T", -3940, 330, 0],
		[57, "PAD19", "B", -3940, 330, 0],
		[58, "PAD20", "T", -3840, 330, 0],
		[59, "PAD20", "B", -3840, 330, 0],
		[60, "PAD21", "T", -2605, 315, 0],
		[61, "PAD21", "B", -2605, 315, 0],
		[62, "PAD22", "T", -2505, 315, 0],
		[63, "PAD22", "B", -2505, 315, 0],
		[64, "PAD23", "T", -3805, 2445, 0],
		[65, "PAD23", "B", -3805, 2445, 0],
		[66, "PAD24", "T", -3705, 2445, 0],
		[67, "PAD24", "B", -3705, 2445, 0],
		[68, "PAD25", "T", -3110, 260, 0],
		[69, "PAD25", "B", -3110, 260, 0],
		[70, "PAD26", "T", -3310, 903.31, 0],
		[71, "PAD26", "B", -3310, 903.31, 0],
		[72, "PAD27", "T", -3310, 1316.69, 0],
		[73, "PAD27", "B", -3310, 1316.69, 0],
		[74, "PAD28", "T", -3140, 908.305, 0],
		[75, "PAD28", "B", -3140, 908.305, 0],
		[76, "PAD29", "T", -3140, 1321.695, 0],
		[77, "PAD29", "B", -3140, 1321.695, 0],
		[78, "PAD30", "T", -2905, 1129.995, 0],
		[79, "PAD30", "B", -2905, 1129.995, 0],
		[80, "PAD31", "T", -2905, 1228.425, 0],
		[81, "PAD31", "B", -2905, 1228.425, 0],
		[82, "PAD32", "T", -2905, 1031.575, 0],
		[83, "PAD32", "B", -2905, 1031.575, 0],
		[84, "PAD33", "T", -3090, 2055, 0],
		[85, "PAD33", "B", -3090, 2055, 0],
		[86, "PAD34", "T", -3090, 2155, 0],
		[87, "PAD34", "B", -3090, 2155, 0],
		[88, "PAD35", "T", -3090, 2255, 0],
		[89, "PAD35", "B", -3090, 2255, 0],
		[90, "PAD36", "T", -3090, 2355, 0],
		[91, "PAD36", "B", -3090, 2355, 0],
		[92, "PAD37", "T", -3390, 2055, 0],
		[93, "PAD37", "B", -3390, 2055, 0],
		[94, "PAD38", "T", -3390, 2155, 0],
		[95, "PAD38", "B", -3390, 2155, 0],
		[96, "PAD39", "T", -3390, 2255, 0],
		[97, "PAD39", "B", -3390, 2255, 0],
		[98, "PAD40", "T", -3390, 2355, 0],
		[99, "PAD40", "B", -3390, 2355, 0],
		[100, "PAD41", "T", -3590, 438.7, 0],
		[101, "PAD41", "B", -3590, 438.7, 0],
		[102, "PAD42", "T", -3590, 751.3, 0],
		[103, "PAD42", "B", -3590, 751.3, 0],
		[104, "PAD43", "T", -3490, 438.7, 0],
		[105, "PAD43", "B", -3490, 438.7, 0],
		[106, "PAD44", "T", -3490, 751.3, 0],
		[107, "PAD44", "B", -3490, 751.3, 0],
		[108, "PAD45", "T", -3390, 438.7, 0],
		[109, "PAD45", "B", -3390, 438.7, 0],
		[110, "PAD46", "T", -3390, 751.3, 0],
		[111, "PAD46", "B", -3390, 751.3, 0],
		[112, "PAD47", "T", -3290, 438.7, 0],
		[113, "PAD47", "B", -3290, 438.7, 0],
		[114, "PAD48", "T", -3290, 751.3, 0],
		[115, "PAD48", "B", -3290, 751.3, 0],
		[116, "PAD49", "T", -3190, 438.7, 0],
		[117, "PAD49", "B", -3190, 438.7, 0],
		[118, "PAD50", "T", -3090, 438.7, 0],
		[119, "PAD50", "B", -3090, 438.7, 0],
		[120, "PAD51", "T", -3090, 751.3, 0],
		[121, "PAD51", "B", -3090, 751.3, 0],
		[122, "PAD52", "T", -2990, 438.7, 0],
		[123, "PAD52", "B", -2990, 438.7, 0],
		[124, "PAD53", "T", -2990, 751.3, 0],
		[125, "PAD53", "B", -2990, 751.3, 0],
		[126, "PAD54", "T", -2890, 438.7, 0],
		[127, "PAD54", "B", -2890, 438.7, 0],
		[128, "PAD55", "T", -2890, 751.3, 0],
		[129, "PAD55", "B", -2890, 751.3, 0],
		[130, "PAD56", "T", -3370, 260, 0],
		[131, "PAD56", "B", -3370, 260, 0],
		[132, "PAD57", "T", -3270, 260, 0],
		[133, "PAD57", "B", -3270, 260, 0]
	]
},
"pins": {
	"fields": ["PIN_NO", "PIN_NAME", "PIN_X", "PIN_Y", "LAYER", "PIN_TYPE", "NET_NAME", "NET_TYPE", "PAD_SHAPE", "PAD_SIZEX", "PAD_SIZEY", "HOLE_SIZE", "HOLE_LEN", "PAD_ANGLE"],
	"rows": [
		[1, "C1_1", -3289.37, 1725, "T", "DIP", "$1N1482", "", "C", 51.181, 51.181, 31.496, 31.496, 0],
		[2, "C1_1", -3289.37, 1725, "B", "DIP", "$1N1482", "", "C", 51.181, 51.181, 31.496, 31.496, 0],
		[3, "C1_2", -3210.63, 1725, "T", "DIP", "$1N1652", "", "C", 51.181, 51.181, 31.496, 31.496, 0],
		[4, "C1_2", -3210.63, 1725, "B", "DIP", "$1N1652", "", "C", 51.181, 51.181, 31.496, 31.496, 0],
		[5, "C2_1", -3540, 1015, "T", "DIP", "$1N1482", "", "C", 70.866, 70.866, 47.244, 47.244, 90],
		[6, "C2_1", -3540, 1015, "B", "DIP", "$1N1482", "", "C", 70.866, 70.866, 47.244, 47.244, 90],
		[7, "C2_2", -3540, 1215, "T", "DIP", "$1N1786", "", "C", 70.866, 70.866, 47.244, 47.244, 90],
		[8, "C2_2", -3540, 1215, "B", "DIP", "$1N1786", "", "C", 70.866, 70.866, 47.244, 47.244, 90],
		[9, "H1_GND", -3270, 260, "T", "DIP", "$1N1482", "", "C", 78.74, 78.74, 47.244, 47.244, 0],
		[10, "H1_GND", -3270, 260, "B", "DIP", "$1N1482", "", "C", 78.74, 78.74, 47.244, 47.244, 0],
		[11, "H1_VCC", -3370, 260, "T", "DIP", "$1N1464", "", "R", 78.74, 78.74, 47.244, 47.244, 0],
		[12, "H1_VCC", -3370, 260, "B", "DIP", "$1N1464", "", "R", 78.74, 78.74, 47.244, 47.244, 0],
		[13, "LED1_1", -2795, 2470, "T", "DIP", "$1N1889", "", "C", 70.866, 70.866, 39.37, 39.37, 0],
		[14, "LED1_1", -2795, 2470, "B", "DIP", "$1N1889", "", "C", 70.866, 70.866, 39.37, 39.37, 0],
		[15, "LED1_2", -2695, 2470, "T", "DIP", "$1N1895", "", "C", 70.866, 70.866, 39.37, 39.37, 0],
		[16, "LED1_2", -2695, 2470, "B", "DIP", "$1N1895", "", "C", 70.866, 70.866, 39.37, 39.37, 0],
		[17, "LED2_1", -2600, 1335, "T", "DIP", "$1N1889", "", "C", 70.866, 70.866, 39.37, 39.37, 0],
		[18, "LED2_1", -2600, 1335, "B", "DIP", "$1N1889", "", "C", 70.866, 70.866, 39.37, 39.37, 0],
		[19, "LED2_2", -2500, 1335, "T", "DIP", "$1N1911", "", "C", 70.866, 70.866, 39.37, 39.37, 0],
		[20, "LED2_2", -2500, 1335, "B", "DIP", "$1N1911", "", "C", 70.866, 70.866, 39.37, 39.37, 0],
		[21, "LED3_1", -3945, 1340, "T", "DIP", "$1N1889", "", "C", 70.866, 70.866, 39.37, 39.37, 0],
		[22, "LED3_1", -3945, 1340, "B", "DIP", "$1N1889", "", "C", 70.866, 70.866, 39.37, 39.37, 0],
		[23, "LED3_2", -3845, 1340, "T", "DIP", "$1N1968", "", "C", 70.866, 70.866, 39.37, 39.37, 0],
		[24, "LED3_2", -3845, 1340, "B", "DIP", "$1N1968", "", "C", 70.866, 70.866, 39.37, 39.37, 0],
		[25, "LED4_1", -2595, 830, "T", "DIP", "$1N1889", "", "C", 70.866, 70.866, 39.37, 39.37, 0],
		[26, "LED4_1", -2595, 830, "B", "DIP", "$1N1889", "", "C", 70.866, 70.866, 39.37, 39.37, 0],
		[27, "LED4_2", -2495, 830, "T", "DIP", "$1N1961", "", "C", 70.866, 70.866, 39.37, 39.37, 0],
		[28, "LED4_2", -2495, 830, "B", "DIP", "$1N1961", "", "C", 70.866, 70.866, 39.37, 39.37, 0],
		[29, "LED5_1", -2620, 2065, "T", "DIP", "$1N1889", "", "C", 70.866, 70.866, 39.37, 39.37, 0],
		[30, "LED5_1", -2620, 2065, "B", "DIP", "$1N1889", "", "C", 70.866, 70.866, 39.37, 39.37, 0],
		[31, "LED5_2", -2520, 2065, "T", "DIP", "$1N1951", "", "C", 70.866, 70.866, 39.37, 39.37, 0],
		[32, "LED5_2", -2520, 2065, "B", "DIP", "$1N1951", "", "C", 70.866, 70.866, 39.37, 39.37, 0],
		[33, "LED6_1", -3950, 835, "T", "DIP", "$1N1889", "", "C", 70.866, 70.866, 39.37, 39.37, 0],
		[34, "LED6_1", -3950, 835, "B", "DIP", "$1N1889", "", "C", 70.866, 70.866, 39.37, 39.37, 0],
		[35, "LED6_2", -3850, 835, "T", "DIP", "$1N1944", "", "C", 70.866, 70.866, 39.37, 39.37, 0],
		[36, "LED6_2", -3850, 835, "B", "DIP", "$1N1944", "", "C", 70.866, 70.866, 39.37, 39.37, 0],
		[37, "LED7_1", -3960, 2055, "T", "DIP", "$1N1889", "", "C", 70.866, 70.866, 39.37, 39.37, 0],
		[38, "LED7_1", -3960, 2055, "B", "DIP", "$1N1889", "", "C", 70.866, 70.866, 39.37, 39.37, 0],
		[39, "LED7_2", -3860, 2055, "T", "DIP", "$1N1938", "", "C", 70.866, 70.866, 39.37, 39.37, 0],
		[40, "LED7_2", -3860, 2055, "B", "DIP", "$1N1938", "", "C", 70.866, 70.866, 39.37, 39.37, 0],
		[41, "LED8_1", -3940, 330, "T", "DIP", "$1N1889", "", "C", 70.866, 70.866, 39.37, 39.37, 0],
		[42, "LED8_1", -3940, 330, "B", "DIP", "$1N1889", "", "C", 70.866, 70.866, 39.37, 39.37, 0],
		[43, "LED8_2", -3840, 330, "T", "DIP", "$1N1925", "", "C", 70.866, 70.866, 39.37, 39.37, 0],
		[44, "LED8_2", -3840, 330, "B", "DIP", "$1N1925", "", "C", 70.866, 70.866, 39.37, 39.37, 0],
		[45, "LED9_1", -2605, 315, "T", "DIP", "$1N1889", "", "C", 70.866, 70.866, 39.37, 39.37, 0],
		[46, "LED9_1", -2605, 315, "B", "DIP", "$1N1889", "", "C", 70.866, 70.866, 39.37, 39.37, 0],
		[47, "LED9_2", -2505, 315, "T", "DIP", "$1N1918", "", "C", 70.866, 70.866, 39.37, 39.37, 0],
		[48, "LED9_2", -2505, 315, "B", "DIP", "$1N1918", "", "C", 70.866, 70.866, 39.37, 39.37, 0],
		[49, "LED10_1", -3805, 2445, "T", "DIP", "$1N1889", "", "C", 70.866, 70.866, 39.37, 39.37, 0],
		[50, "LED10_1", -3805, 2445, "B", "DIP", "$1N1889", "", "C", 70.866, 70.866, 39.37, 39.37, 0],
		[51, "LED10_2", -3705, 2445, "T", "DIP", "$1N1905", "", "C", 70.866, 70.866, 39.37, 39.37, 0],
		[52, "LED10_2", -3705, 2445, "B", "DIP", "$1N1905", "", "C", 70.866, 70.866, 39.37, 39.37, 0],
		[53, "P1_1", -3110, 260, "T", "DIP", "$1N1738", "", "R", 66.929, 66.929, 43.308, 43.308, 0],
		[54, "P1_1", -3110, 260, "B", "DIP", "$1N1738", "", "R", 66.929, 66.929, 43.308, 43.308, 0],
		[55, "R1_1", -3310, 903.31, "T", "DIP", "$1N1464", "", "C", 55.118, 55.118, 27.56, 27.56, 90],
		[56, "R1_1", -3310, 903.31, "B", "DIP", "$1N1464", "", "C", 55.118, 55.118, 27.56, 27.56, 90],
		[57, "R1_2", -3310, 1316.69, "T", "DIP", "$1N1689", "", "C", 55.118, 55.118, 27.56, 27.56, 90],
		[58, "R1_2", -3310, 1316.69, "B", "DIP", "$1N1689", "", "C", 55.118, 55.118, 27.56, 27.56, 90],
		[59, "R2_1", -3140, 908.305, "T", "DIP", "$1N1889", "", "C", 62.992, 62.992, 36, 36, 90],
		[60, "R2_1", -3140, 908.305, "B", "DIP", "$1N1889", "", "C", 62.992, 62.992, 36, 36, 90],
		[61, "R2_2", -3140, 1321.695, "T", "DIP", "$1N1482", "", "C", 62.992, 62.992, 36, 36, 90],
		[62, "R2_2", -3140, 1321.695, "B", "DIP", "$1N1482", "", "C", 62.992, 62.992, 36, 36, 90],
		[63, "R3_1", -2905, 1228.425, "T", "DIP", "$1N1652", "", "C", 60, 60, 30, 30, 270],
		[64, "R3_1", -2905, 1228.425, "B", "DIP", "$1N1652", "", "C", 60, 60, 30, 30, 270],
		[65, "R3_2", -2905, 1129.995, "T", "DIP", "$1N1689", "", "C", 60, 60, 30, 30, 270],
		[66, "R3_2", -2905, 1129.995, "B", "DIP", "$1N1689", "", "C", 60, 60, 30, 30, 270],
		[67, "R3_3", -2905, 1031.575, "T", "DIP", "$1N1689", "", "C", 60, 60, 30, 30, 270],
		[68, "R3_3", -2905, 1031.575, "B", "DIP", "$1N1689", "", "C", 60, 60, 30, 30, 270],
		[69, "U1_1", -3090, 2055, "T", "DIP", "$1N1482", "", "R", 59.055, 59.055, 35.434, 35.434, 90],
		[70, "U1_1", -3090, 2055, "B", "DIP", "$1N1482", "", "R", 59.055, 59.055, 35.434, 35.434, 90],
		[71, "U1_2", -3090, 2155, "T", "DIP", "$1N1652", "", "C", 59.055, 59.055, 35.434, 35.434, 180],
		[72, "U1_2", -3090, 2155, "B", "DIP", "$1N1652", "", "C", 59.055, 59.055, 35.434, 35.434, 180],
		[73, "U1_3", -3090, 2255, "T", "DIP", "$1N1738", "", "C", 59.055, 59.055, 35.434, 35.434, 180],
		[74, "U1_3", -3090, 2255, "B", "DIP", "$1N1738", "", "C", 59.055, 59.055, 35.434, 35.434, 180],
		[75, "U1_4", -3090, 2355, "T", "DIP", "$1N1464", "", "C", 59.055, 59.055, 35.434, 35.434, 180],
		[76, "U1_4", -3090, 2355, "B", "DIP", "$1N1464", "", "C", 59.055, 59.055, 35.434, 35.434, 180],
		[77, "U1_5", -3390, 2355, "T", "DIP", "$1N1786", "", "C", 59.055, 59.055, 35.434, 35.434, 180],
		[78, "U1_5", -3390, 2355, "B", "DIP", "$1N1786", "", "C", 59.055, 59.055, 35.434, 35.434, 180],
		[79, "U1_6", -3390, 2255, "T", "DIP", "$1N1652", "", "C", 59.055, 59.055, 35.434, 35.434, 180],
		[80, "U1_6", -3390, 2255, "B", "DIP", "$1N1652", "", "C", 59.055, 59.055, 35.434, 35.434, 180],
		[81, "U1_7", -3390, 2155, "T", "DIP", "$1N1689", "", "C", 59.055, 59.055, 35.434, 35.434, 180],
		[82, "U1_7", -3390, 2155, "B", "DIP", "$1N1689", "", "C", 59.055, 59.055, 35.434, 35.434, 180],
		[83, "U1_8", -3390, 2055, "T", "DIP", "$1N1464", "", "C", 59.055, 59.055, 35.434, 35.434, 180],
		[84, "U1_8", -3390, 2055, "B", "DIP", "$1N1464", "", "C", 59.055, 59.055, 35.434, 35.434, 180],
		[85, "U2_1", -3590, 438.7, "T", "DIP", "$1N1938", "", "O", 56.693, 70.866, 31.496, 31.496, 0],
		[86, "U2_1", -3590, 438.7, "B", "DIP", "$1N1938", "", "O", 56.693, 70.866, 31.496, 31.496, 0],
		[87, "U2_2", -3490, 438.7, "T", "DIP", "$1N1905", "", "O", 56.693, 70.866, 31.496, 31.496, 0],
		[88, "U2_2", -3490, 438.7, "B", "DIP", "$1N1905", "", "O", 56.693, 70.866, 31.496, 31.496, 0],
		[89, "U2_3", -3390, 438.7, "T", "DIP", "$1N1895", "", "O", 56.693, 70.866, 31.496, 31.496, 0],
		[90, "U2_3", -3390, 438.7, "B", "DIP", "$1N1895", "", "O", 56.693, 70.866, 31.496, 31.496, 0],
		[91, "U2_4", -3290, 438.7, "T", "DIP", "$1N1911", "", "O", 56.693, 70.866, 31.496, 31.496, 0],
		[92, "U2_4", -3290, 438.7, "B", "DIP", "$1N1911", "", "O", 56.693, 70.866, 31.496, 31.496, 0],
		[93, "U2_5", -3190, 438.7, "T", "DIP", "$1N1944", "", "O", 56.693, 70.866, 31.496, 31.496, 0],
		[94, "U2_5", -3190, 438.7, "B", "DIP", "$1N1944", "", "O", 56.693, 70.866, 31.496, 31.496, 0],
		[95, "U2_6", -3090, 438.7, "T", "DIP", "$1N1951", "", "O", 56.693, 70.866, 31.496, 31.496, 0],
		[96, "U2_6", -3090, 438.7, "B", "DIP", "$1N1951", "", "O", 56.693, 70.866, 31.496, 31.496, 0],
		[97, "U2_7", -2990, 438.7, "T", "DIP", "$1N1918", "", "O", 56.693, 70.866, 31.496, 31.496, 0],
		[98, "U2_7", -2990, 438.7, "B", "DIP", "$1N1918", "", "O", 56.693, 70.866, 31.496, 31.496, 0],
		[99, "U2_8", -2890, 438.7, "T", "DIP", "$1N1482", "", "O", 56.693, 70.866, 31.496, 31.496, 0],
		[100, "U2_8", -2890, 438.7, "B", "DIP", "$1N1482", "", "O", 56.693, 70.866, 31.496, 31.496, 0],
		[101, "U2_9", -2890, 751.3, "T", "DIP", "$1N1961", "", "O", 56.693, 70.866, 31.496, 31.496, 0],
		[102, "U2_9", -2890, 751.3, "B", "DIP", "$1N1961", "", "O", 56.693, 70.866, 31.496, 31.496, 0],
		[103, "U2_10", -2990, 751.3, "T", "DIP", "$1N1925", "", "O", 56.693, 70.866, 31.496, 31.496, 0],
		[104, "U2_10", -2990, 751.3, "B", "DIP", "$1N1925", "", "O", 56.693, 70.866, 31.496, 31.496, 0],
		[105, "U2_11", -3090, 751.3, "T", "DIP", "$1N1968", "", "O", 56.693, 70.866, 31.496, 31.496, 0],
		[106, "U2_11", -3090, 751.3, "B", "DIP", "$1N1968", "", "O", 56.693, 70.866, 31.496, 31.496, 0],
		[107, "U2_12", -3190, 751.3, "T", "DIP", "NET_1", "", "O", 56.693, 70.866, 31.496, 31.496, 0],
		[108, "U2_12", -3190, 751.3, "B", "DIP", "NET_1", "", "O", 56.693, 70.866, 31.496, 31.496, 0],
		[109, "U2_13", -3290, 751.3, "T", "DIP", "$1N1482", "", "O", 56.693, 70.866, 31.496, 31.496, 0],
		[110, "U2_13", -3290, 751.3, "B", "DIP", "$1N1482", "", "O", 56.693, 70.866, 31.496, 31.496, 0],
		[111, "U2_14", -3390, 751.3, "T", "DIP", "$1N1738", "", "O", 56.693, 70.866, 31.496, 31.496, 0],
		[112, "U2_14", -3390, 751.3, "B", "DIP", "$1N1738", "", "O", 56.693, 70.866, 31.496, 31.496, 0],
		[113, "U2_15", -3490, 751.3, "T", "DIP", "$1N1482", "", "O", 56.693, 70.866, 31.496, 31.496, 0],
		[114, "U2_15", -3490, 751.3, "B", "DIP", "$1N1482", "", "O", 56.693, 70.866, 31.496, 31.496, 0],
		[115, "U2_16", -3590, 751.3, "T", "DIP", "$1N1464", "", "O", 56.693, 70.866, 31.496, 31.496, 0],
		[116, "U2_16", -3590, 751.3, "B", "DIP", "$1N1464", "", "O", 56.693, 70.866, 31.496, 31.496, 0],
		[117, "PAD1_1", -3289.37, 1725, "T", "DIP", "$1N1482", "", "C", 51.181, 51.181, 31.496, 31.496, 0],
		[118, "PAD1_1", -3289.37, 1725, "B", "DIP", "$1N1482", "", "C", 51.181, 51.181, 31.496, 31.496, 0],
		[119, "PAD2_2", -3210.63, 1725, "T", "DIP", "$1N1652", "", "C", 51.181, 51.181, 31.496, 31.496, 0],
		[120, "PAD2_2", -3210.63, 1725, "B", "DIP", "$1N1652", "", "C", 51.181, 51.181, 31.496, 31.496, 0],
		[121, "PAD3_1", -3540, 1015, "T", "DIP", "$1N1482", "", "C", 70.866, 70.866, 47.244, 47.244, 90],
		[122, "PAD3_1", -3540, 1015, "B", "DIP", "$1N1482", "", "C", 70.866, 70.866, 47.244, 47.244, 90],
		[123, "PAD4_2", -3540, 1215, "T", "DIP", "$1N1786", "", "C", 70.866, 70.866, 47.244, 47.244, 90],
		[124, "PAD4_2", -3540, 1215, "B", "DIP", "$1N1786", "", "C", 70.866, 70.866, 47.244, 47.244, 90],
		[125, "PAD5_1", -2795, 2470, "T", "DIP", "$1N1889", "", "C", 70.866, 70.866, 39.37, 39.37, 0],
		[126, "PAD5_1", -2795, 2470, "B", "DIP", "$1N1889", "", "C", 70.866, 70.866, 39.37, 39.37, 0],
		[127, "PAD6_2", -2695, 2470, "T", "DIP", "$1N1895", "", "C", 70.866, 70.866, 39.37, 39.37, 0],
		[128, "PAD6_2", -2695, 2470, "B", "DIP", "$1N1895", "", "C", 70.866, 70.866, 39.37, 39.37, 0],
		[129, "PAD7_1", -2600, 1335, "T", "DIP", "$1N1889", "", "C", 70.866, 70.866, 39.37, 39.37, 0],
		[130, "PAD7_1", -2600, 1335, "B", "DIP", "$1N1889", "", "C", 70.866, 70.866, 39.37, 39.37, 0],
		[131, "PAD8_2", -2500, 1335, "T", "DIP", "$1N1911", "", "C", 70.866, 70.866, 39.37, 39.37, 0],
		[132, "PAD8_2", -2500, 1335, "B", "DIP", "$1N1911", "", "C", 70.866, 70.866, 39.37, 39.37, 0],
		[133, "PAD9_1", -3945, 1340, "T", "DIP", "$1N1889", "", "C", 70.866, 70.866, 39.37, 39.37, 0],
		[134, "PAD9_1", -3945, 1340, "B", "DIP", "$1N1889", "", "C", 70.866, 70.866, 39.37, 39.37, 0],
		[135, "PAD10_2", -3845, 1340, "T", "DIP", "$1N1968", "", "C", 70.866, 70.866, 39.37, 39.37, 0],
		[136, "PAD10_2", -3845, 1340, "B", "DIP", "$1N1968", "", "C", 70.866, 70.866, 39.37, 39.37, 0],
		[137, "PAD11_1", -2595, 830, "T", "DIP", "$1N1889", "", "C", 70.866, 70.866, 39.37, 39.37, 0],
		[138, "PAD11_1", -2595, 830, "B", "DIP", "$1N1889", "", "C", 70.866, 70.866, 39.37, 39.37, 0],
		[139, "PAD12_2", -2495, 830, "T", "DIP", "$1N1961", "", "C", 70.866, 70.866, 39.37, 39.37, 0],
		[140, "PAD12_2", -2495, 830, "B", "DIP", "$1N1961", "", "C", 70.866, 70.866, 39.37, 39.37, 0],
		[141, "PAD13_1", -2620, 2065, "T", "DIP", "$1N1889", "", "C", 70.866, 70.866, 39.37, 39.37, 0],
		[142, "PAD13_1", -2620, 2065, "B", "DIP", "$1N1889", "", "C", 70.866, 70.866, 39.37, 39.37, 0],
		[143, "PAD14_2", -2520, 2065, "T", "DIP", "$1N1951", "", "C", 70.866, 70.866, 39.37, 39.37, 0],
		[144, "PAD14_2", -2520, 2065, "B", "DIP", "$1N1951", "", "C", 70.866, 70.866, 39.37, 39.37, 0],
		[145, "PAD15_1", -3950, 835, "T", "DIP", "$1N1889", "", "C", 70.866, 70.866, 39.37, 39.37, 0],
		[146, "PAD15_1", -3950, 835, "B", "DIP", "$1N1889", "", "C", 70.866, 70.866, 39.37, 39.37, 0],
		[147, "PAD16_2", -3850, 835, "T", "DIP", "$1N1944", "", "C", 70.866, 70.866, 39.37, 39.37, 0],
		[148, "PAD16_2", -3850, 835, "B", "DIP", "$1N1944", "", "C", 70.866, 70.866, 39.37, 39.37, 0],
		[149, "PAD17_1", -3960, 2055, "T", "DIP", "$1N1889", "", "C", 70.866, 70.866, 39.37, 39.37, 0],
		[150, "PAD17_1", -3960, 2055, "B", "DIP", "$1N1889", "", "C", 70.866, 70.866, 39.37, 39.37, 0],
		[151, "PAD18_2", -3860, 2055, "T", "DIP", "$1N1938", "", "C", 70.866, 70.866, 39.37, 39.37, 0],
		[152, "PAD18_2", -3860, 2055, "B", "DIP", "$1N1938", "", "C", 70.866, 70.866, 39.37, 39.37, 0],
		[153, "PAD19_1", -3940, 330, "T", "DIP", "$1N1889", "", "C", 70.866, 70.866, 39.37, 39.37, 0],
		[154, "PAD19_1", -3940, 330, "B", "DIP", "$1N1889", "", "C", 70.866, 70.866, 39.37, 39.37, 0],
		[155, "PAD20_2", -3840, 330, "T", "DIP", "$1N1925", "", "C", 70.866, 70.866, 39.37, 39.37, 0],
		[156, "PAD20_2", -3840, 330, "B", "DIP", "$1N1925", "", "C", 70.866, 70.866, 39.37, 39.37, 0],
		[157, "PAD21_1", -2605, 315, "T", "DIP", "$1N1889", "", "C", 70.866, 70.866, 39.37, 39.37, 0],
		[158, "PAD21_1", -2605, 315, "B", "DIP", "$1N1889", "", "C", 70.866, 70.866, 39.37, 39.37, 0],
		[159, "PAD22_2", -2505, 315, "T", "DIP", "$1N1918", "", "C", 70.866, 70.866, 39.37, 39.37, 0],
		[160, "PAD22_2", -2505, 315, "B", "DIP", "$1N1918", "", "C", 70.866, 70.866, 39.37, 39.37, 0],
		[161, "PAD23_1", -3805, 2445, "T", "DIP", "$1N1889", "", "C", 70.866, 70.866, 39.37, 39.37, 0],
		[162, "PAD23_1", -3805, 2445, "B", "DIP", "$1N1889", "", "C", 70.866, 70.866, 39.37, 39.37, 0],
		[163, "PAD24_2", -3705, 2445, "T", "DIP", "$1N1905", "", "C", 70.866, 70.866, 39.37, 39.37, 0],
		[164, "PAD24_2", -3705, 2445, "B", "DIP", "$1N1905", "", "C", 70.866, 70.866, 39.37, 39.37, 0],
		[165, "PAD25_1", -3110, 260, "T", "DIP", "$1N1738", "", "R", 66.929, 66.929, 43.308, 43.308, 0],
		[166, "PAD25_1", -3110, 260, "B", "DIP", "$1N1738", "", "R", 66.929, 66.929, 43.308, 43.308, 0],
		[167, "PAD26_1", -3310, 903.31, "T", "DIP", "$1N1464", "", "C", 55.118, 55.118, 27.56, 27.56, 90],
		[168, "PAD26_1", -3310, 903.31, "B", "DIP", "$1N1464", "", "C", 55.118, 55.118, 27.56, 27.56, 90],
		[169, "PAD27_2", -3310, 1316.69, "T", "DIP", "$1N1689", "", "C", 55.118, 55.118, 27.56, 27.56, 90],
		[170, "PAD27_2", -3310, 1316.69, "B", "DIP", "$1N1689", "", "C", 55.118, 55.118, 27.56, 27.56, 90],
		[171, "PAD28_1", -3140, 908.305, "T", "DIP", "$1N1889", "", "C", 62.992, 62.992, 36, 36, 90],
		[172, "PAD28_1", -3140, 908.305, "B", "DIP", "$1N1889", "", "C", 62.992, 62.992, 36, 36, 90],
		[173, "PAD29_2", -3140, 1321.695, "T", "DIP", "$1N1482", "", "C", 62.992, 62.992, 36, 36, 90],
		[174, "PAD29_2", -3140, 1321.695, "B", "DIP", "$1N1482", "", "C", 62.992, 62.992, 36, 36, 90],
		[175, "PAD30_2", -2905, 1129.995, "T", "DIP", "$1N1689", "", "C", 60, 60, 30, 30, 270],
		[176, "PAD30_2", -2905, 1129.995, "B", "DIP", "$1N1689", "", "C", 60, 60, 30, 30, 270],
		[177, "PAD31_1", -2905, 1228.425, "T", "DIP", "$1N1652", "", "C", 60, 60, 30, 30, 270],
		[178, "PAD31_1", -2905, 1228.425, "B", "DIP", "$1N1652", "", "C", 60, 60, 30, 30, 270],
		[179, "PAD32_3", -2905, 1031.575, "T", "DIP", "$1N1689", "", "C", 60, 60, 30, 30, 270],
		[180, "PAD32_3", -2905, 1031.575, "B", "DIP", "$1N1689", "", "C", 60, 60, 30, 30, 270],
		[181, "PAD33_1", -3090, 2055, "T", "DIP", "$1N1482", "", "R", 59.055, 59.055, 35.434, 35.434, 90],
		[182, "PAD33_1", -3090, 2055, "B", "DIP", "$1N1482", "", "R", 59.055, 59.055, 35.434, 35.434, 90],
		[183, "PAD34_2", -3090, 2155, "T", "DIP", "$1N1652", "", "C", 59.055, 59.055, 35.434, 35.434, 180],
		[184, "PAD34_2", -3090, 2155, "B", "DIP", "$1N1652", "", "C", 59.055, 59.055, 35.434, 35.434, 180],
		[185, "PAD35_3", -3090, 2255, "T", "DIP", "$1N1738", "", "C", 59.055, 59.055, 35.434, 35.434, 180],
		[186, "PAD35_3", -3090, 2255, "B", "DIP", "$1N1738", "", "C", 59.055, 59.055, 35.434, 35.434, 180],
		[187, "PAD36_4", -3090, 2355, "T", "DIP", "$1N1464", "", "C", 59.055, 59.055, 35.434, 35.434, 180],
		[188, "PAD36_4", -3090, 2355, "B", "DIP", "$1N1464", "", "C", 59.055, 59.055, 35.434, 35.434, 180],
		[189, "PAD37_8", -3390, 2055, "T", "DIP", "$1N1464", "", "C", 59.055, 59.055, 35.434, 35.434, 180],
		[190, "PAD37_8", -3390, 2055, "B", "DIP", "$1N1464", "", "C", 59.055, 59.055, 35.434, 35.434, 180],
		[191, "PAD38_7", -3390, 2155, "T", "DIP", "$1N1689", "", "C", 59.055, 59.055, 35.434, 35.434, 180],
		[192, "PAD38_7", -3390, 2155, "B", "DIP", "$1N1689", "", "C", 59.055, 59.055, 35.434, 35.434, 180],
		[193, "PAD39_6", -3390, 2255, "T", "DIP", "$1N1652", "", "C", 59.055, 59.055, 35.434, 35.434, 180],
		[194, "PAD39_6", -3390, 2255, "B", "DIP", "$1N1652", "", "C", 59.055, 59.055, 35.434, 35.434, 180],
		[195, "PAD40_5", -3390, 2355, "T", "DIP", "$1N1786", "", "C", 59.055, 59.055, 35.434, 35.434, 180],
		[196, "PAD40_5", -3390, 2355, "B", "DIP", "$1N1786", "", "C", 59.055, 59.055, 35.434, 35.434, 180],
		[197, "PAD41_1", -3590, 438.7, "T", "DIP", "$1N1938", "", "O", 56.693, 70.866, 31.496, 31.496, 0],
		[198, "PAD41_1", -3590, 438.7, "B", "DIP", "$1N1938", "", "O", 56.693, 70.866, 31.496, 31.496, 0],
		[199, "PAD42_16", -3590, 751.3, "T", "DIP", "$1N1464", "", "O", 56.693, 70.866, 31.496, 31.496, 0],
		[200, "PAD42_16", -3590, 751.3, "B", "DIP", "$1N1464", "", "O", 56.693, 70.866, 31.496, 31.496, 0],
		[201, "PAD43_2", -3490, 438.7, "T", "DIP", "$1N1905", "", "O", 56.693, 70.866, 31.496, 31.496, 0],
		[202, "PAD43_2", -3490, 438.7, "B", "DIP", "$1N1905", "", "O", 56.693, 70.866, 31.496, 31.496, 0],
		[203, "PAD44_15", -3490, 751.3, "T", "DIP", "$1N1482", "", "O", 56.693, 70.866, 31.496, 31.496, 0],
		[204, "PAD44_15", -3490, 751.3, "B", "DIP", "$1N1482", "", "O", 56.693, 70.866, 31.496, 31.496, 0],
		[205, "PAD45_3", -3390, 438.7, "T", "DIP", "$1N1895", "", "O", 56.693, 70.866, 31.496, 31.496, 0],
		[206, "PAD45_3", -3390, 438.7, "B", "DIP", "$1N1895", "", "O", 56.693, 70.866, 31.496, 31.496, 0],
		[207, "PAD46_14", -3390, 751.3, "T", "DIP", "$1N1738", "", "O", 56.693, 70.866, 31.496, 31.496, 0],
		[208, "PAD46_14", -3390, 751.3, "B", "DIP", "$1N1738", "", "O", 56.693, 70.866, 31.496, 31.496, 0],
		[209, "PAD47_4", -3290, 438.7, "T", "DIP", "$1N1911", "", "O", 56.693, 70.866, 31.496, 31.496, 0],
		[210, "PAD47_4", -3290, 438.7, "B", "DIP", "$1N1911", "", "O", 56.693, 70.866, 31.496, 31.496, 0],
		[211, "PAD48_13", -3290, 751.3, "T", "DIP", "$1N1482", "", "O", 56.693, 70.866, 31.496, 31.496, 0],
		[212, "PAD48_13", -3290, 751.3, "B", "DIP", "$1N1482", "", "O", 56.693, 70.866, 31.496, 31.496, 0],
		[213, "PAD49_5", -3190, 438.7, "T", "DIP", "$1N1944", "", "O", 56.693, 70.866, 31.496, 31.496, 0],
		[214, "PAD49_5", -3190, 438.7, "B", "DIP", "$1N1944", "", "O", 56.693, 70.866, 31.496, 31.496, 0],
		[215, "PAD50_6", -3090, 438.7, "T", "DIP", "$1N1951", "", "O", 56.693, 70.866, 31.496, 31.496, 0],
		[216, "PAD50_6", -3090, 438.7, "B", "DIP", "$1N1951", "", "O", 56.693, 70.866, 31.496, 31.496, 0],
		[217, "PAD51_11", -3090, 751.3, "T", "DIP", "$1N1968", "", "O", 56.693, 70.866, 31.496, 31.496, 0],
		[218, "PAD51_11", -3090, 751.3, "B", "DIP", "$1N1968", "", "O", 56.693, 70.866, 31.496, 31.496, 0],
		[219, "PAD52_7", -2990, 438.7, "T", "DIP", "$1N1918", "", "O", 56.693, 70.866, 31.496, 31.496, 0],
		[220, "PAD52_7", -2990, 438.7, "B", "DIP", "$1N1918", "", "O", 56.693, 70.866, 31.496, 31.496, 0],
		[221, "PAD53_10", -2990, 751.3, "T", "DIP", "$1N1925", "", "O", 56.693, 70.866, 31.496, 31.496, 0],
		[222, "PAD53_10", -2990, 751.3, "B", "DIP", "$1N1925", "", "O", 56.693, 70.866, 31.496, 31.496, 0],
		[223, "PAD54_8", -2890, 438.7, "T", "DIP", "$1N1482", "", "O", 56.693, 70.866, 31.496, 31.496, 0],
		[224, "PAD54_8", -2890, 438.7, "B", "DIP", "$1N1482", "", "O", 56.693, 70.866, 31.496, 31.496, 0],
		[225, "PAD55_9", -2890, 751.3, "T", "DIP", "$1N1961", "", "O", 56.693, 70.866, 31.496, 31.496, 0],
		[226, "PAD55_9", -2890, 751.3, "B", "DIP", "$1N1961", "", "O", 56.693, 70.866, 31.496, 31.496, 0],
		[227, "PAD56_VCC", -3370, 260, "T", "DIP", "$1N1464", "", "R", 78.74, 78.74, 47.244, 47.244, 0],
		[228, "PAD56_VCC", -3370, 260, "B", "DIP", "$1N1464", "", "R", 78.74, 78.74, 47.244, 47.244, 0],
		[229, "PAD57_GND", -3270, 260, "T", "DIP", "$1N1482", "", "C", 78.74, 78.74, 47.244, 47.244, 0],
		[230, "PAD57_GND", -3270, 260, "B", "DIP", "$1N1482", "", "C", 78.74, 78.74, 47.244, 47.244, 0]
	]
}
}